Số thứ tự,Tên báo,Tác giả,Ngày xuất bản,Tên số báo
75,"Chăm sóc, hỗ trợ tâm lý trong thảm hoạ","Nguyễn Tiến Dũng1, Nguyễn Như Lâm11 Bệnh viện Bỏng quốc gia Lê Hữu Trác","Đã xuất bản:
                        2022-09-20",Số 3 (2022)
67,Hiệu quả giảm đau sau phẫu thuật cắt hoại tử và ghép da bằng truyền tĩnh mạch liên tục hỗn hợp Nefopam và Morphin ở bệnh nhân bỏng.,"Võ Văn Hiển1, Nguyễn Văn Quỳnh1, Cao Xuân Đường1, Đỗ Đăng Ngân2, Ninh Thị Kim Oanh31 Bệnh viện Bỏng quốc gia Lê Hữu Trác2 Học viện Quân Y3 Đại học Y Hà Nội","Đã xuất bản:
                        2022-09-20",Số 3 (2022)
14,Nghiên cứu tác dụng điều trị vết thương thực nghiệm của gel nano Berberin trên lâm sàng.,"Nguyễn Ngọc Tuấn1, Lê Quốc Chiểu1, Ngô Ngọc Hà11 Bệnh viện Bỏng quốc gia Lê Hữu Trác","Đã xuất bản:
                        2022-09-20",Số 3 (2022)
22,Đánh giá kết quả bước đầu ứng dụng kỹ thuật hút mỡ làm mỏng và mở rộng kích thước vạt da nhánh xuyên thượng vị dưới sâu trong điều trị sẹo co kéo vùng cằm cổ.,"Vũ Quang Vinh1, Hoàng Thanh Tuấn1, Hoàng Tuấn Hoàng1, Tống Thanh Hải1, Đỗ Trung Quyết1, Khổng Hạnh Nguyên11 Bệnh viện Bỏng quốc gia Lê Hữu Trác","Đã xuất bản:
                        2022-09-20",Số 3 (2022)
21,Cơ cấu và các yếu tố ảnh hưởng đến chi phí điều trị bệnh nhân bỏng nặng.,"Ngô Tuấn Hưng1, Nguyễn Như Khánh2, Nguyễn Quang Hiếu11 Bệnh viện Bỏng quốc gia Lê Hữu Trác2 Trường THPT Chuyên Hà Nội - Amsterdam","Đã xuất bản:
                        2022-09-20",Số 3 (2022)
35,Tác dụng làm liền vết bỏng của thuốc mỡ NCB trên chuột cống.,"Nguyễn Thanh Hà Tuấn1, Nguyễn Xuân Khái1, Nguyễn Phương Thảo2, Hoàng Thị Tuyết Nhung2, Nguyễn Thị Hiên3, Nguyễn Văn Thanh3, Nguyễn Trung Hiếu4, Lê Hải Trung5, Hoàng Mỹ Hạnh5, Nguyễn Đình Ninh61 Bệnh viện Quân y 1032 Đại học Dược Hà Nội3 Viện y học Cổ truyền Quân đội4 Hội Gan Mật Việt Nam5 Bệnh viện Bỏng quốc gia Lê Hữu Trác6 Bệnh viện Châm cứu Trung Ương","Đã xuất bản:
                        2022-09-20",Số 3 (2022)
16,Nghiên cứu độc tính bán cấp của gel nano Berberin trên cận lâm sàng và giải phẫu bệnh ở chuột cống trắng.,"Nguyễn Ngọc Tuấn1, Lê Quốc Chiểu1, Nguyễn Thuỳ Linh21 Bệnh viện Bỏng quốc gia Lê Hữu Trác2 Học viện Quân y","Đã xuất bản:
                        2022-09-20",Số 3 (2022)
31,Nghiên cứu biến đổi hóa mô miễn dịch tại chỗ vết thương mạn tính được điều trị bằng huyết tương giàu tiểu cầu tự thân.,"Nguyễn Tiến Dũng1, Nguyễn Ngọc Tuấn11 Bệnh viện Bỏng quốc gia Lê Hữu Trác","Đã xuất bản:
                        2022-09-20",Số 3 (2022)
24,Gây tê tủy sống phẫu thuật nội soi ruột thừa trên bệnh nhân có nhiều bệnh nền,"Lâm Ngọc Tú1, Nguyễn Ngọc Thạch1, Nguyễn Duy Anh11 Bệnh viện Quân y 103","Đã xuất bản:
                        2022-09-20",Số 3 (2022)
54,Điều trị sẹo lồi bằng liệu pháp chiếu xạ nông sau phẫu thuật,"Phan Thị Thục Trang1, Trần Vân Anh1, Vũ Quang Vinh1, Nguyễn Đoàn Tiến Linh11 Bệnh viện Bỏng quốc gia Lê Hữu Trác","Đã xuất bản:
                        2022-09-20",Số 3 (2022)
6,Sử dụng màng Lactic-Acid-Based Copolymer (LABC) trên vùng ghép da mảnh trung bình trong bỏng một phần và toàn bộ lớp da,Lược dịch: Hoàng Văn Vụ11 Bệnh viện Bỏng quốc gia Lê Hữu Trác,"Đã xuất bản:
                        2022-09-20",Số 3 (2022)
38,Vai trò tiên lượng của chỉ số De Ritis thời điểm vào viện ở bệnh nhân bỏng nặng,"Nguyễn Như Lâm1, Ngô Tuấn Hưng11 Bệnh viện Bỏng quốc gia Lê Hữu Trác","Đã xuất bản:
                        2022-05-06",Số 2 (2022)
62,Nghiên cứu tính kích ứng da của gel nano Berberin trên da lành của động vật thực nghiệm,"Nguyễn Ngọc Tuấn1, Lê Quốc Chiểu1, Nguyễn Thái Biềng21 Bệnh viện Bỏng quốc gia Lê Hữu Trác2 Học viện Quân y","Đã xuất bản:
                        2022-05-06",Số 2 (2022)
117,Đặc điểm rối loạn lo âu ở bệnh nhân bỏng giai đoạn phục hồi chức năng,"Đặng Thành Quyết1, Tống Đức Minh1, Trần Khắc Chiến21 Học viện Quân y2 Bệnh viện Quân y 175","Đã xuất bản:
                        2022-05-06",Số 2 (2022)
13,Đặc điểm albumin niệu và một số yếu tố liên quan của bệnh nhân đái tháo đường tuýp 2 đến khám tại Bệnh viện Đại học Y Hà Nội,"Phạm Văn Hùng1, Nguyễn Thị Kiều11 Viện Kiểm định quốc gia vắc xin và Sinh phẩm y tế, Bộ Y tế","Đã xuất bản:
                        2022-05-06",Số 2 (2022)
44,Nghiên cứu độc tính bán cấp trên lâm sàng của gel nano Berberin ở chuột cống trắng,"Nguyễn Ngọc Tuấn1, Lê Quốc Chiểu1, Bùi Thị Bích Vân2, Đặng Văn Điệp21 Bệnh viện Bỏng quốc gia Lê Hữu Trác2 Học viện Quân y","Đã xuất bản:
                        2022-05-06",Số 2 (2022)
92,Đặc điểm và kết quả điều trị bệnh nhân bỏng nhiễm virus viêm gan B và C,"Ngô Tuấn Hưng1, Nguyễn Như Lâm11 Bệnh viện Bỏng quốc gia Lê Hữu Trác","Đã xuất bản:
                        2022-05-06",Số 2 (2022)
10,Kết quả chăm sóc người bệnh sau phẫu thuật gãy hở xương chi trên và một số yếu tố liên quan tại Bệnh viện Đa khoa Nông Nghiệp năm 2021,"Lê Thị Mai Phương1, Phan Thị Dung21 Bệnh viện Đa khoa Nông nghiệp2 Trường Đại học Kinh doanh và Công nghệ Hà Nội","Đã xuất bản:
                        2022-05-06",Số 2 (2022)
121,Thực trạng nhiễm tụ cầu vàng trên bàn tay của sinh viên kỹ thuật xét nghiệm Trường đại học Y Hà Nội,"Phạm Văn Hùng1, Nguyễn Thị Kiều11 Viện Kiểm định quốc gia vắc xin và Sinh phẩm y tế/Bộ Y tế","Đã xuất bản:
                        2022-05-06",Số 2 (2022)
11,Đào tạo và huấn luyện đội hỗ trợ y tế khẩn cấp,"Nguyễn Tiến Dũng1, Nguyễn Như Lâm11 Bệnh viện Bỏng quốc gia Lê Hữu Trác","Đã xuất bản:
                        2022-05-06",Số 2 (2022)
12,Kiểm soát đường thở ở bệnh nhân sẹo bỏng co kéo mức độ nặng vùng cằm cổ bằng nội soi khí phế quản để phẫu thuật chuyển vạt vi phẫu,"Lê Hải Trung1, Nguyễn Văn Quỳnh11 Bệnh viện Bỏng quốc gia Lê Hữu Trác","Đã xuất bản:
                        2022-05-06",Số 2 (2022)
19,Cập nhật về thuyên tắc phổi,"Võ Văn Hiển1, Nguyễn Văn Quỳnh11 Bệnh viện Bỏng quốc gia Lê Hữu Trác","Đã xuất bản:
                        2022-05-06",Số 2 (2022)
81,Ketamine: Bằng chứng và sử dụng hiện nay,Lê Hải Trung11 Bệnh viện Bỏng quốc gia Lê Hữu Trác,"Đã xuất bản:
                        2022-05-06",Số 2 (2022)
9,Tổng quan mô hình nghiên cứu vết thương thực nghiệm và phương pháp đánh giá quá trình liền vết thương. Phần II: Các phương pháp đánh giá quá trình liền vết thương,Nguyễn Ngọc Tuấn11 Bệnh viện Bỏng quốc gia Lê Hữu Trác,"Đã xuất bản:
                        2022-03-25",Số 1 (2022)
61,Nghiên cứu một số yếu tố ảnh hưởng đến kết quả điều trị của bệnh nhân bỏng nặng có biến chứng ARDS,"Trần Đình Hùng1, Nguyễn Như Lâm11 Bệnh viện Bỏng quốc gia Lê Hữu Trác","Đã xuất bản:
                        2022-03-25",Số 1 (2022)
58,Biến đổi số lượng tiểu cầu máu ngoại vi của bệnh nhân bỏng,"Nguyễn Quang Đông1, Nguyễn Thị Mai Hương11 Bệnh viện Bỏng quốc gia Lê Hữu Trác","Đã xuất bản:
                        2022-03-25",Số 1 (2022)
76,Đánh giá kết quả bước đầu điều trị tổn thương phần mềm bằng Plasma lạnh tại bệnh viện Hữu nghị Việt Tiệp,"Nguyễn Hồng Đạo1, Lê Văn Tuấn1, Nguyễn Văn Dương1, Phan Anh1, Nguyễn Anh Tú1, Phạm Trung Dũng1, Đào Thị Minh Thu1, Hoàng Huyền Thu1, Nguyễn Thị Nhung1, Ngô Thị Minh Thuỳ11 Bệnh viện Hữu nghị Việt Tiệp","Đã xuất bản:
                        2022-03-25",Số 1 (2022)
46,Bước đầu khảo sát sự biến đổi một số thông số huyết động bằng phương pháp USCOM ở tám bệnh nhân cắt hoại tử bỏng và ghép da,"Nguyễn Ngọc Thạch1, Nguyễn Văn Quỳnh2, Đặng Đức Cảnh21 Bệnh viện Quân y 1032 Bệnh viện Bỏng quốc gia Lê Hữu Trác","Đã xuất bản:
                        2022-03-25",Số 1 (2022)
47,Vai trò tiên lượng của nồng độ Lactate và kiềm dư máu động mạch tại thời điểm vào viện sau bỏng,"Ngô Tuấn Hưng1, Nguyễn Như Lâm11 Bệnh viện Bỏng quốc gia Lê Hữu Trác","Đã xuất bản:
                        2022-03-25",Số 1 (2022)
34,Đặc điểm và kết quả điều trị bệnh nhân bỏng có bảo hiểm y tế tại Bệnh viện Bỏng Quốc Gia,"Ngô Minh Đức1, Nguyễn Như Lâm11 Bệnh viện Bỏng quốc gia Lê Hữu Trác","Đã xuất bản:
                        2022-03-25",Số 1 (2022)
70,"Ứng dụng thành công liệu pháp hút áp lực âm điều trị tổn thương bỏng sâu lộ gân, xương ngón tay ở trẻ em do dòng điện hạ thế","Nguyễn Thị Hương1, Lê Đức Mẫn1, Hồ Thị Vân Anh11 Bệnh viện Bỏng quốc gia Lê Hữu Trác","Đã xuất bản:
                        2022-03-25",Số 1 (2022)
60,Các chiến lược mới đối phó với nấm kháng thuốc,"Lược dịch: Nguyễn Thái Ngọc Minh1, Lược dịch: Lương Quang Anh11 Bệnh viện Bỏng quốc gia Lê Hữu Trác","Đã xuất bản:
                        2022-03-25",Số 1 (2022)
57,Hướng dẫn của hội bỏng châu Á - Thái Bình Dương về Tổ chức ngân hàng da trong ứng dụng điều trị,"Lược dịch: Vũ Tuấn Anh1, Lược dịch: Ngô Ngọc Hà11 Bệnh viện Bỏng quốc gia Lê Hữu Trác","Đã xuất bản:
                        2022-03-25",Số 1 (2022)
71,Khám phá về cơ chế thụ cảm nhiệt độ và xúc giác của cơ thể người đoạt giải Nobel Y Sinh năm 2021,Xuân Việt,"Đã xuất bản:
                        2022-03-25",Số 1 (2022)
86,10 thảm họa tự nhiên chết người nhất năm 2021,Xuân Việt,"Đã xuất bản:
                        2022-03-25",Số 1 (2022)
55,COVID-19 và chứng sa sút trí tuệ: Các nhà khoa học có lo ngại?,Xuân Việt,"Đã xuất bản:
                        2022-03-25",Số 1 (2022)
89,Emergency medical services: Literature review.,"Nguyễn Tiến Dũng1, Nguyễn Như Lâm1, Đoàn Chí Thanh11 Bệnh viện Bỏng Quốc gia Lê Hữu Trác","Đã xuất bản:
                        2022-01-26",Số 6 (2021)
74,Acute toxicity of nano Berberine gel in white mice.,"Nguyễn Ngọc Tuấn1, Lê Quốc Chiểu1, Lê Thị Hồng Hạnh21 Bệnh viện Bỏng Quốc gia Lê Hữu Trác2 Học viện Quân y","Đã xuất bản:
                        2022-01-26",Số 6 (2021)
133,Evaluating medical response exercise for mass burn injuries at district and provincial hospital.,"Nguyễn Như Lâm1, Chu Anh Tuấn1, Lê Anh Tuấn21 Bệnh viện Bỏng quốc gia Lê Hữu Trác2 Bệnh viện Quân y 105","Đã xuất bản:
                        2022-01-26",Số 6 (2021)
26,Encounter complications during treatment for radiation-ulcer: Five years inexperience.,"Hoàng Thanh Tuấn1, Vũ Quang Vinh1, Trần Vân Anh1, Tống Thanh Hải1, Đỗ Trung Quyết11 Bệnh viện Bỏng quốc gia Lê Hữu Trác","Đã xuất bản:
                        2022-01-26",Số 6 (2021)
7,Influences of Propranolol on outcomes of severely adult burn patients.,"Phan Quốc Khánh1, Nguyễn Hải An2, Nguyễn Như Lâm21 Bệnh viện Quân y 4/Quân khu 42 Bệnh viện Bỏng quốc gia Lê Hữu Trác","Đã xuất bản:
                        2022-01-26",Số 6 (2021)
39,"General anesthesia for giant tumor resection and facial reconstruction in a patient with atrial fibrillation, hypertension, heart valve diseases (Case report).","Nguyễn Ngọc Thạch1, Nguyễn Quang Bình2, Lê Hải Trung3, Nguyễn Duy Toàn1, Trần Thanh Tuấn31 Bệnh viện Quân y 1032 Bệnh viện Răng Hàm Mặt Trung ương3 Bệnh viện Bỏng quốc gia Lê Hữu Trác","Đã xuất bản:
                        2022-01-26",Số 6 (2021)
56,Application of “chimeric” double anterolateral thigh flaps for reconstruction of massive postburn defect in head and face (Case report).,"Vũ Quang Vinh1, Hoàng Thanh Tuấn1, Tống Thanh Hải1, Đỗ Trung Quyết1, Khổng Hạnh Nguyên1, Phạm Minh Trung21 Bệnh viện Bỏng quốc gia Lê Hữu Trác2 Bệnh viện Quân y 121/Quân khu 9","Đã xuất bản:
                        2022-01-26",Số 6 (2021)
1,Launching Telehealth System at the Le Huu Trac National Burn Hospital.,Xuân Việt,"Đã xuất bản:
                        2022-01-26",Số 6 (2021)
83,Đại dịch covid-19 và phương án đáp ứng dưới góc nhìn y học thảm họa.,"Đỗ Quyết1, Nguyễn Tiến Dũng2, Nguyễn Như Lâm2, Nguyễn Minh Phương 1, Nguyễn Tùng Linh 11 Học viện Quân y2 Bệnh viện Bỏng quốc gia Lê Hữu Trác","Đã xuất bản:
                        2021-11-01",Số 5 (2021)
41,So sánh đặc điểm và kết quả điều trị bỏng điện cao thế và hạ thế,"Ngô Tuấn Hưng1, Nguyễn Như Lâm1, Ngô Minh Đức11 Bệnh viện Bỏng quốc gia Lê Hữu Trác","Đã xuất bản:
                        2021-11-01",Số 5 (2021)
43,Kết quả điều trị người cao tuổi bị bỏng và các yếu tố tiên lượng tử vong,"Đặng Tất Thắng1, Chu Anh Tuấn2, Ngô Minh Đức21 Bệnh viện Đa khoa Saint Paul2 Bệnh viện Bỏng quốc gia Lê Hữu Trác","Đã xuất bản:
                        2021-11-01",Số 5 (2021)
128,Liều điều trị và tác dụng không mong muốn của Propranolol trên bệnh nhân người lớn bỏng nặng,"Phan Quốc Khánh1, Nguyễn Như Lâm21 Bệnh viện Quân y 4 / Quân khu IV2 Bệnh viện Bỏng quốc gia Lê Hữu Trác","Đã xuất bản:
                        2021-11-01",Số 5 (2021)
103,Đánh giá tác dụng điều trị của dung dịch điện hoá Suporan tại vết thương bỏng,"Lâm Thị Đan Chi1, Đỗ Lương Tuấn1, Mai Xuân Thảo1, Đỗ Thị Kim Sơn11 Bệnh viện Bỏng quốc gia Lê Hữu Trác","Đã xuất bản:
                        2021-11-01",Số 5 (2021)
97,Ảnh hưởng của tăng glucose máu đối với diễn biến và kết quả điều trị bệnh nhân bỏng nặng,"Nguyễn Như Lâm1, Phan Quốc Khánh2, Nguyễn Hải An11 Bệnh viện Bỏng quốc gia Lê Hữu Trác2 Bệnh viện Quân y 4/Quân khu IV","Đã xuất bản:
                        2021-12-27",Số 5 (2021)
8,Tổng quan mô hình nghiên cứu vết thương thực nghiệm và phương pháp đánh giá quá trình liền vết thương. Phần 1: Tổng quan về một số mô hình nghiên cứu liền vết thương trên động vật,Nguyễn Ngọc Tuấn11 Bệnh viện Bỏng quốc gia Lê Hữu Trác,"Đã xuất bản:
                        2021-11-01",Số 5 (2021)
79,Liệu pháp hút áp lực âm trong điều trị vết thương bàn tay trẻ em,Nguyễn Thị Hương11 Bệnh viện Bỏng quốc gia Lê Hữu Trác,"Đã xuất bản:
                        2021-11-01",Số 5 (2021)
113,Điều trị nhiễm khuẩn huyết do tụ cầu vàng đề kháng Methicilin bằng phối hợp kháng sinh Fosfomycin và Amikacin trên 1 ca bệnh nhân bỏng,"Lương Quang Anh1, Trần Quang Phú11 Bệnh viện Bỏng quốc gia Lê Hữu Trác","Đã xuất bản:
                        2021-11-01",Số 5 (2021)
32,Tổng quan về đội cấp cứu trong thảm họa cháy nổ và bỏng hàng loạt (Phần I).,"Nguyễn Như Lâm1, Đoàn Chí Thanh1, Nguyễn Tiến Dũng11 Bệnh viện Bỏng Quốc gia Lê Hữu Trác","Đã xuất bản:
                        2021-08-30",Số 4 (2021)
27,Đặc điểm và kết quả điều trị bỏng lửa gas.,"Ngô Tuấn Hưng1, Ngô Minh Đức1, Nguyễn Như Lâm11 Bệnh viện Bỏng Quốc gia Lê Hữu Trác","Đã xuất bản:
                        2021-08-30",Số 4 (2021)
66,Đặc điểm bỏng người lớn và thách thức trong điều trị.,"Mai Xuân Thảo1, Ngô Minh Đức1, Chu Anh Tuấn1, Lê Quốc Chiểu11 Bệnh viện Bỏng Quốc gia Lê Hữu Trác","Đã xuất bản:
                        2021-08-30",Số 4 (2021)
17,Đánh giá hiệu quả điều trị phù bạch mạch chi thể bằng phương pháp nối bạch mạch - tĩnh mạch.,"Tống Thanh Hải1, Vũ Quang Vinh1, Trần Vân Anh1, Hoàng Thanh Tuấn1, Đỗ Trung Quyết1, Hoàng Tuấn Hoàng1, Nguyễn Thị Ngọc Bích1, Khổng Hạnh Nguyên11 Bệnh viện Bỏng Quốc gia Lê Hữu Trác","Đã xuất bản:
                        2021-08-30",Số 4 (2021)
95,Đặc điểm và ảnh hưởng của giới tính đến kết quả điều trị bỏng ở người cao tuổi.,"Ngô Minh Đức1, Nguyễn Như Lâm11 Bệnh viện Bỏng Quốc gia Lê Hữu Trác","Đã xuất bản:
                        2021-08-30",Số 4 (2021)
110,Tổng quan (cập nhật) hoạt tính sinh học của Berberin.,Nguyễn Ngọc Tuấn11 Bệnh viện Bỏng Quốc gia Lê Hữu Trác,"Đã xuất bản:
                        2021-08-30",Số 4 (2021)
33,Hiệu quả của phương thức thông khí nhân tạo tư thế nằm sấp điều trị hội chứng suy hô hấp cấp tiến triển trên bệnh nhân bỏng nặng (Thông báo lâm sàng).,"Lê Quang Thảo1, Nguyễn Hải An1, Trần Đình Hùng1, Nguyễn Thái Ngọc Minh11 Bệnh viện Bỏng Quốc gia Lê Hữu Trác","Đã xuất bản:
                        2021-08-30",Số 4 (2021)
106,"Gây tê tủy sống cho phẫu thuật ghép da trên bệnh nhân tiền sử cao huyết áp, suy thận, đái tháo đường, u tuyến yên (Thông báo lâm sàng).","Nguyễn Ngọc Thạch1, Mai Đình Hương1, Phạm Thái Dũng21 Bệnh viện Bỏng Quốc gia Lê Hữu Trác2 Bệnh viện Quân y 103","Đã xuất bản:
                        2021-08-30",Số 4 (2021)
63,Hiệu quả hạn chế của bổ sung albumin ở bệnh nhân bỏng nặng giảm albumin kéo dài.,"Hoàng Văn Tú1, Hồ Thị Vân Anh11 Bệnh viện Bỏng Quốc gia Lê Hữu Trác","Đã xuất bản:
                        2021-08-30",Số 4 (2021)
3,An toàn trong sử dụng dao lấy da điện trong đại dịch covid-19,Ngô Ngọc Hà11 Bệnh viện Bỏng Quốc gia Lê Hữu Trác,"Đã xuất bản:
                        2021-08-30",Số 4 (2021)
5,Một số phương pháp giáo dục và đào tạo y học thảm họa hiện nay trên thế giới,"Nguyễn Tiến Dũng1, Nguyễn Như Lâm 11 Bệnh viện Bỏng Quốc gia Lê Hữu Trác","Đã xuất bản:
                        2021-09-28",Số 3 (2021)
59,Đặc điểm bỏng hàng loạt và kết quả điều trị: Số liệu 5 năm tại Bệnh viện Bỏng Quốc gia (2016 - 2020),"Ngô Minh Đức1, Chu Anh Tuấn1, Lê Quốc Chiểu11 Bệnh viện Bỏng Quốc gia Lê Hữu Trác","Đã xuất bản:
                        2021-09-28",Số 3 (2021)
90,Nghiên cứu một số đặc điểm bỏng điện ở trẻ em điều trị tại Bệnh viện Bỏng Quốc gia từ tháng 1 năm 2017 đến tháng 12 năm 2019,"Trần Đình Hùng1, Ngô Tuấn Hưng 11 Bệnh viện Bỏng Quốc gia Lê Hữu Trác","Đã xuất bản:
                        2021-09-28",Số 3 (2021)
105,Khảo sát nhu cầu và thực trạng thực hành chăm sóc người bệnh suy thận mạn tại Bệnh viện Đa khoa Nông nghiệp,"Đỗ Thị Ngọc Thục1, Nguyễn Thị Dân2, Phan Thị Dung31 Bệnh viện Đa khoa Nông nghiệp2 Trường Đại học Y dược/Đại học Quốc gia Hà Nội3 Trường Đại học Kinh doanh và Công nghệ Hà Nội","Đã xuất bản:
                        2021-09-28",Số 3 (2021)
64,"Nghiên cứu hiệu quả dự phòng buồn nôn, nôn và các tác dụng không mong muốn của Granisetron sau phẫu thuật tuyến giáp","Nguyễn Đức Anh1, Nguyễn Ngọc Thạch2, Trần Đắc Tiệp2, Phạm Thị Thanh Huyền31 Vietnam Military Medical University2 Military Hospital 1033 Bach Mai Hospital","Đã xuất bản:
                        2021-09-28",Số 3 (2021)
82,Đánh giá kết quả chương trình tập huấn cho điều dưỡng tại Bệnh viện Hữu nghị Việt Nam - Cu Ba năm 2020,Phan Thị Dung11 Trường Đại học Kinh doanh và Công nghệ Hà Nội,"Đã xuất bản:
                        2021-09-28",Số 3 (2021)
40,Vai trò của Glycosaminoglycan và Hydroprolintrong liền vết thương,"Nguyễn Ngọc Tuấn1, Nguyễn Thị Hương11 Bệnh viện Bỏng Quốc gia Lê Hữu Trác","Đã xuất bản:
                        2021-09-28",Số 3 (2021)
30,Đánh giá kết quả thực hiện bảng kiểm an toàn phẫu thuật tại Bệnh viện Đa khoa Nông nghiệp,"Phan Thị Dung1, Phạm Thị Vân21 Trường Đại học Kinh doanh và Công nghệ Hà Nội2 Bệnh viện Đa khoa Nông nghiệp","Đã xuất bản:
                        2021-09-28",Số 3 (2021)
68,“Đeo găng” Phương pháp hiệu quả trong thay băng bỏng bàn tay trẻ em.,"Nguyễn Thị Hương1, Hồ Thị Vân Anh 11 Bệnh viện Bỏng Quốc gia Lê Hữu Trác","Đã xuất bản:
                        2021-09-28",Số 3 (2021)
84,Nghiên cứu in vivo và in vitro về băng cellulose vi khuẩn chứa hạt nano Sulfadiazin Bạc sử dụng trong điều trị bỏng.,Hoàng Mỹ Hạnh11 Bệnh viện Bỏng Quốc gia Lê Hữu Trác,"Đã xuất bản:
                        2021-09-28",Số 3 (2021)
29,Tổng quan công tác đào tạo y học thảm hoạ trên thế giới,"Nguyễn Như Lâm1, Nguyễn Tiến Dũng11 Bệnh viện Bỏng Quốc gia Lê Hữu Trác","Đã xuất bản:
                        2021-10-26",Số 2 (2021)
107,Ảnh hưởng của bệnh kết hợp và vai trò của chỉ số CCI đối với kết quả điều trị bệnh nhân bỏng người già,"Ngô Minh Đức1, Nguyễn Như Lâm1, Ngô Tuấn Hưng11 Bệnh viện Bỏng Quốc gia Lê Hữu Trác","Đã xuất bản:
                        2021-10-26",Số 2 (2021)
48,Biến đổi nồng độ Albumin huyết tương và các yếu tố liên quan ở bệnh nhân bỏng nặng,"Nguyễn Như Lâm1, Phan Quốc Khánh2, Nguyễn Hải An11 Bệnh viện Bỏng Quốc gia Lê Hữu Trác2 Bệnh viện Quân y 4 / Quân khu 4","Đã xuất bản:
                        2021-10-26",Số 2 (2021)
28,Nghiên cứu hiệu quả của trị liệu huyết tương giàu tiểu cầu tự thân lên biến đổi siêu cấu trúc của vết thương mạn tính trên kính hiển vi điện tử quét,"Nguyễn Tiến Dũng1, Nguyễn Ngọc Tuấn11 Bệnh viện Bỏng Quốc gia Lê Hữu Trác","Đã xuất bản:
                        2021-10-26",Số 2 (2021)
85,Khảo sát sự thay đổi số lượng tiểu cầu ở bệnh nhân bỏng nặng,"Nguyễn Ngọc Sơn1, Lê Đức Mẫn1, Lê Thị Thu Huyền21 Bệnh viện Bỏng Quốc gia Lê Hữu Trác2 Bệnh viện Trung ương Quân đội 108","Đã xuất bản:
                        2021-10-26",Số 2 (2021)
94,Nghiên cứu hiệu quả bước đầu của laser Fractional trong phục hồi chức năng vận động ở các khớp lớn với bệnh nhân có sẹo co kéo sau bỏng,"Phan Thị Thục Trang1, Tống Thanh Hải1, Lê Quốc Vương1, Nguyễn Thị Vân Anh11 Bệnh viện Bỏng Quốc gia Lê Hữu Trác","Đã xuất bản:
                        2021-10-26",Số 2 (2021)
87,"Điều trị thành công bệnh nhân bỏng hô hấp mức độ nặng, biến chứng viêm phổi, nhiễm khuẩn huyết, suy đa tạng (Thông báo lâm sàng)","Lê Quang Thảo1, Nguyễn Thái Ngọc Minh11 Bệnh viện Bỏng Quốc gia Lê Hữu Trác","Đã xuất bản:
                        2021-10-26",Số 2 (2021)
98,Sử dụng vạt cơ lưng rộng điều trị khuyết hổng thành ngực sau xạ trị ung thư vú (Thông báo lâm sàng),"Hoàng Thanh Tuấn1, Vũ Quang Vinh1, Trần Vân Anh1, Đỗ Trung Quyết1, Tô Ngọc Hiếu21 Bệnh viện Bỏng Quốc gia Lê Hữu Trác2 Bệnh viện Đa khoa tỉnh Thanh Hoá","Đã xuất bản:
                        2021-10-26",Số 2 (2021)
49,Vô cảm cho phẫu thuật cắt hoại tử bỏng ghép da ở bệnh nhân bạch cầu cấp (Thông báo lâm sàng),"Nguyễn Ngọc Thạch1, Nguyễn Quang Đông1, Phạm Thái Dũng21 Bệnh viện Bỏng Quốc gia Lê Hữu Trác2 Bệnh viện Quân y 103","Đã xuất bản:
                        2021-10-26",Số 2 (2021)
18,Nhiễm virus ở bệnh nhân bỏng nặng,Hoàng Văn Tú11 Bệnh viện Bỏng Quốc gia Lê Hữu Trác,"Đã xuất bản:
                        2021-10-26",Số 2 (2021)
2,Nghiên cứu hiệu quả điều trị giữa phác đồ đơn trị liệu Colistin với phác đồ phối hợp Colistin - Carbapenem trên bệnh nhân nhiễm khuẩn nặng do vi khuẩn gram âm kháng Carbapenem,Nguyễn Thị Thu Hương11 Bệnh viện Bỏng Quốc gia Lê Hữu Trác,"Đã xuất bản:
                        2021-10-26",Số 2 (2021)
111,Đặc điểm và một số yếu tố tiên lượng tử vong ở bệnh nhân bỏng: Dữ liệu tại Bệnh viện Bỏng Quốc gia trong 10 năm (từ 2010 đến 2019).,"Ngô Minh Đức1, Chu Anh Tuấn1, Nguyễn Gia Tiến1, Đỗ Xuân Hai2, Nguyễn Đức Thuận31 Bệnh viện Bỏng Quốc gia Lê Hữu Trác2 Học viện Quân y3 Bệnh viện Quân y 103","Đã xuất bản:
                        2020-02-28",Số 1 (2021)
20,"Ảnh hưởng của thân nhiệt, nhiệt độ môi  trường đối với tiêu hao năng lượng lúc  nghỉ ở bệnh nhân bỏng nặng.","Phan Quốc Khánh1, Nguyễn Như Lâm2, Nguyễn Hải An21 Bệnh viện Quân y 42 Bệnh viện Bỏng Quốc gia Lê Hữu Trác","Đã xuất bản:
                        2021-02-28",Số 1 (2021)
25,"Đánh giá hiệu quả khí dung bằng Heparin kết hợp với Pulmicort và N-acetylcystein trên bệnh nhân bỏng hô hấp tại Khoa Hồi sức cấp cứu, Bệnh viện Bỏng Quốc gia Lê Hữu Trác.","Ngô Tuấn Hưng1, Nguyễn Hải An2, Nguyễn Như Lâm21 Bệnh viện Bỏng Quốc gia Lê Hữu Trac2 Bệnh viện Bỏng Quốc gia Lê Hữu Trác","Đã xuất bản:
                        2021-02-28",Số 1 (2021)
72,"Phương pháp định lượng hình thái đánh giá kết quả nhuộm hóa mô miễn dịch bộc lộ dấu ấn kháng nguyên CD31, CD34 trên tế bào nội mô vi mạch mô da sau xạ trị.","Hoàng Thanh Tuấn1, Tưởng Phi Vương2, Vũ Quang Vinh1, Trịnh Tuấn Dũng31 Bệnh viện Bỏng Quốc gia Lê Hữu Trác2 Viện 693 Bệnh viện Trung ương Quân đội 108","Đã xuất bản:
                        2021-02-28",Số 1 (2021)
45,Đánh giá vai trò tiên lượng của chỉ số Baux sửa đổi (rBaux) trên bệnh nhân bỏng.,"Nguyễn Như Lâm1, Ngô Tuấn Hưng1, Ngô Minh Đức11 Bệnh viện Bỏng Quốc gia Lê Hữu Trác","Đã xuất bản:
                        2021-02-28",Số 1 (2021)
114,"Đánh giá kiến thức, thực hành về chăm sóc dự phòng viêm phổi thở máy của điều dưỡng tại Khoa Hồi sức cấp cứu, Bệnh viện Bỏng Quốc gia Lê Hữu Trác năm 2020.","Phan Trường Tuệ1, Hoàng Thị Uyên1, Phạm Ngọc Anh1, Hoàng Chung Hiếu11 Bệnh viện Bỏng Quốc gia Lê Hữu Trác","Đã xuất bản:
                        2021-02-28",Số 1 (2021)
104,Lựa chọn phương pháp vô cảm mổ lấy thai ở sản phụ bỏng (Thông báo lâm sàng).,"Nguyễn Ngọc Thạch1, Phạm Thái Dũng21 Bệnh viện Bỏng Quốc gia Lê Hữu Trác2 Bệnh viện Quân y 103","Đã xuất bản:
                        2021-02-28",Số 1 (2021)
15,Vô cảm cho phẫu thuật cắt hoại tử bỏng ghép da ở bệnh nhân tăng men gan phản ứng (Thông báo lâm sàng).,"Nguyễn Ngọc Thạch1, Phạm Thái Dũng21 Bệnh viện Bỏng Quốc gia Lê Hữu Trác2 Bệnh viện Quân y 103","Đã xuất bản:
                        2021-02-28",Số 1 (2021)
65,"Vai trò của bài tập thở yoga pranayama đối với chức năng phổi, hoạt động của các cơ hô hấp và khả năng chịu đựng khi tập luyện trên người bệnh bỏng chu vi lồng ngực.","Lê Quốc Chiểu1, Nguyễn Như Lâm11 Bệnh viện Bỏng Quốc gia Lê Hữu Trác","Đã xuất bản:
                        2021-02-28",Số 1 (2021)
124,Hồi sức kịp thời và điều trị bỏng nặng ở trẻ em,"Dương Văn Phú1, Lê Đức Mẫn11 Bệnh viện Bỏng Quốc gia Lê Hữu Trác","Đã xuất bản:
                        2021-02-28",Số 1 (2021)
101,Nghiên cứu một số đặc điểm bỏng trẻ em dưới 6 tuổi điều trị tại Bệnh viện Bỏng Quốc gia.,"Trần Đình Hùng1, Ngô Minh Đức11 Bệnh viện Bỏng quốc gia Lê Hữu Trác","Đã xuất bản:
                        2020-09-06",Số 4 (2020)
52,Đặc điểm lâm sàng và dịch tễ ở người cao tuổi bị bỏng điều trị tại Bệnh viện Bỏng Quốc gia trong 3 năm (2017 - 2019),"Đặng Tất Thắng1, Chu Anh Tuấn2, Ngô Minh Đức21 Bệnh viện Saint Paul (Hà Nội)2 Bệnh viện Bỏng quốc gia Lê Hữu Trác","Đã xuất bản:
                        2020-09-06",Số 4 (2020)
96,Đặc điểm và vai trò tiên lượng của nồng độ Triglyceride huyết thanh ở bệnh nhân bỏng nặng,"Nguyễn Như Lâm1, Nguyễn Hải An1, Ngô Tuấn Hưng1, Phan Quốc Khánh21 Bệnh viện Bỏng quốc gia Lê Hữu Trác2 Bệnh viện Quân y 4/QK 4","Đã xuất bản:
                        2020-09-06",Số 4 (2020)
50,Một số yếu tố liên quan tới kiến thức về vệ sinh tay của sinh viên đang học lâm sàng tại Bệnh viện Đa khoa Xanh Pôn,"Lương Anh Vũ1, Phạm Văn Tân1, Vũ Phong Túc2, Đặng Thị Thu Ngà21 Trường Cao đẳng Y tế Hà Nội2 Trường Đại học Y Dược Thái Bình","Đã xuất bản:
                        2022-09-21",Số 4 (2020)
93,Nghiên cứu xây dựng quy trình sử dụng da đồng loại bảo quản bằng Glycerol 85% điều trị vết thương bỏng sâu,"Chu Anh Tuấn1, Nguyễn Hải An1, Lê Quốc Chiểu, Nguyễn Nam Giang21 Bệnh viện Bỏng quốc gia Lê Hữu Trác2 Bệnh viện Đa khoa Saint Paul","Đã xuất bản:
                        2022-09-21",Số 4 (2020)
53,"Khảo sát tần suất mắc và kết quả điều trị viêm phổi liên quan thở máy trên bệnh nhân bỏng nặng tại Khoa hồi sức Cấp cứu, Bệnh viện Bỏng quốc gia Lê Hữu Trác","Trần Thị Dịu Hiền1, Nguyễn Hải An1, Trần Đình Hùng1, Ngô Tuấn Hưng11 Bệnh viện Bỏng quốc gia Lê Hữu Trác","Đã xuất bản:
                        2022-09-21",Số 4 (2020)
100,"Nghiên cứu sự thay đổi hàm lượng EGF, VEGF của bệnh nhân có vết thương mạn tính được điều trị bằng huyết tương giàu tiểu cầu.","Nguyễn Ngọc Tuấn1, Nguyễn Tiến Dũng11 Bệnh viện Bỏng quốc gia Lê Hữu Trác","Đã xuất bản:
                        2022-09-21",Số 4 (2020)
108,Đặc điểm tổn thương mô bệnh học của động mạch ngoại vi ở chi thể tổn thương do dòng điện cao thế.,"Trần Quang Phú1, Đỗ Lương Tuấn1, Mai Xuân Thảo1, Trương Đình Tiến21 Bệnh viện Bỏng quốc gia Lê Hữu Trác2 Bệnh viện Quân y 103","Đã xuất bản:
                        2022-09-21",Số 4 (2020)
37,Nghiên cứu xác định công thức tối ưu tính nhu cầu năng lượng cho bệnh nhân bỏng nặng.,"Nguyễn Như Lâm1, Phan Quốc Khánh2, Ngô Tuấn Hưng1, Nguyễn Hải An11 Bệnh viện Bỏng quốc gia Lê Hữu Trác2 Bệnh viện Quân y 4/Quân khu 4","Đã xuất bản:
                        2022-09-21",Số 4 (2020)
23,Điều trị thành công bệnh nhi bỏng điện cao thế nặng,"Hồ Thị Vân Anh1, Lê Đức Mẫn1, Nguyễn Ngọc Tuấn11 Bệnh viện Bỏng quốc gia Lê Hữu Trác","Đã xuất bản:
                        2022-09-21",Số 4 (2020)
109,Tổng quan về vạt tĩnh mạch được động mạch hóa,Lược dịch: Đỗ Trung Quyết11 Bệnh viện Bỏng quốc gia Lê Hữu Trác,"Đã xuất bản:
                        2022-09-21",Số 4 (2020)
51,Trao đổi oxy màng ngoài cơ thể trên bệnh nhân bỏng có hội chứng suy hô hấp cấp tiến triển,Lược dịch: Hồ Thị Vân Anh11 Bệnh viện Bỏng quốc gia Lê Hữu Trác,"Đã xuất bản:
                        2022-09-21",Số 4 (2020)
127,Tình hình thu dung và điều trị bệnh nhân bỏng nội trú tại Bệnh viện Bỏng Quốc gia Lê Hữu Trác năm 2019,Đoàn Chí Thanh11 Bệnh viện Bỏng quốc gia Lê Hữu Trác,"Đã xuất bản:
                        2020-07-02",Số 3 (2020)
102,Đánh giá thực trạng công tác an toàn truyền máu tại Bệnh viện Bỏng Quốc gia,"Nguyễn Thị Mai Hương1, Nguyễn Gia Tiến1, Trần Ngọc Tuấn1, Trương Thu Hiền11 Bệnh viện Bỏng quốc gia Lê Hữu Trác","Đã xuất bản:
                        2020-07-02",Số 3 (2020)
88,"Đánh giá tác dụng điều trị của gel Ceri Nitrat 2,2% tại chỗ tổn thương bỏng","Nguyễn Ngọc Tuấn1, Đỗ Kim Sơn1, Lâm Thị Đan Chi11 Bệnh viện Bỏng quốc gia Lê Hữu Trác","Đã xuất bản:
                        2020-07-02",Số 3 (2020)
130,Thực trạng kiến thức về vệ sinh tay của sinh viên đang học lâm sàng tại Bệnh viện Đa khoa Xanh Pôn năm 2019 - 2020,"Lương Anh Vũ1, Phạm Văn Tân1, Vũ Phong Túc2, Đặng Thị Thu Ngà21 Trường Cao đẳng Y tế Hà Nội2 Trường Đại học Y Dược Thái Bình","Đã xuất bản:
                        2020-07-02",Số 3 (2020)
42,Sử dụng máy xạ trị bề mặt (SRT-100) phối hợp với phẫu thuật trong điều trị ung thư biểu mô tế bào vảy (Thông báo lâm sàng),"Phan Thị Thục Trang1, Vũ Quang Vinh1, Đỗ Trung Quyết1, Nguyễn Tuấn Anh1, Vũ Tuấn Anh11 Bệnh viện Bỏng quốc gia Lê Hữu Trác","Đã xuất bản:
                        2020-07-02",Số 3 (2020)
112,Nhiễm trùng vết thương trên bệnh nhân bỏng nặng sử dụng thuốc nam. (Thông báo lâm sàng),"Nguyễn Thái Ngọc Minh1, Chu Anh Tuấn1, Lê Trần Anh21 Bệnh viện Bỏng quốc gia Lê Hữu Trác2 Học viện Quân y","Đã xuất bản:
                        2020-07-02",Số 3 (2020)
4,Thâm nhiễm bạch cầu ái toan vào vết thương bỏng ở bệnh nhân cao tuổi và trẻ tuổi  (Bài dịch),Lược dịch: Hoàng Văn Vụ11 Bệnh viện Bỏng quốc gia Lê Hữu Trác,"Đã xuất bản:
                        2020-07-02",Số 3 (2020)
115,HƯỚNG dẫn của Hội Bỏng thế giới 2018. Phần 4. Tắc tĩnh mạch sâu ở bệnh nhân bỏng,Lược dịch: Nguyễn Như Lâm11 Bệnh viện Bỏng quốc gia Lê Hữu Trác,"Đã xuất bản:
                        2020-07-02",Số 3 (2020)
78,Đặc điểm quân nhân bị bỏng điều trị tại bệnh viện bỏng quốc gia trong 10 năm (2008 - 2017),Ngô Minh Đức11 Bệnh viện Bỏng quốc gia Lê Hữu Trác,"Đã xuất bản:
                        2022-01-24",Số 2 (2020)
69,"Đánh giá tác dụng điều trị tại chỗ vết thương chậm liền của dung dịch Ceri Nitrat 1,75%","Nguyễn Ngọc Tuấn1, Bùi Thanh Lợi1, Phạm Thị Mai Phương11 Bệnh viện Bỏng quốc gia Lê Hữu Trác","Đã xuất bản:
                        2020-05-01",Số 2 (2020)
120,Kết quả bước đầu ứng dụng kỹ thuật hút mỡ làm mỏng vạt da trong phẫu thuật tạo hình thẩm mỹ,"Đỗ Trung Quyết1, Vũ Quang Vinh1, Tống Thanh Hải11 Bệnh viện Bỏng quốc gia Lê Hữu Trác","Đã xuất bản:
                        2020-05-01",Số 2 (2020)
77,"Nghiên cứu thu hồi, bảo quản da đồng loại bằng Glycerol 85% để điều trị vết thương, vết bỏng","Chu Anh Tuấn1, Đinh Văn Hân1, Nguyễn Quang Đông11 Bệnh viện Bỏng quốc gia Lê Hữu Trác","Đã xuất bản:
                        2020-05-01",Số 2 (2020)
122,Bước đầu đánh giá tác dụng của Gabapentin đối với rối loạn cảm giác vùng sẹo bỏng,"Bùi Thanh Lợi1, Nguyễn Như Lâm1, Phạm Thị Mai Phương11 Bệnh viện Bỏng quốc gia Lê Hữu Trác","Đã xuất bản:
                        2020-05-01",Số 2 (2020)
132,Nghiên cứu giảm đau đường tĩnh mạch bằng Fentanyl do bệnh nhân tự điều khiển sau phẫu thuật tạo hình thẩm mỹ,"Lê Hải Trung1, Nguyễn Ngọc Thạch1, Trần Thanh Tuấn1, Nguyễn Hồng Thái11 Bệnh viện Bỏng quốc gia Lê Hữu Trác","Đã xuất bản:
                        2020-05-01",Số 2 (2020)
126,Gây mê nội khí quản cho phẫu thuật vi phẫu trên bệnh nhân ngoại tâm thu thất nhịp đôi (Thông báo lâm sàng),"Nguyễn Ngọc Thạch1, Nguyễn Tiến Dũng1, Nguyễn Văn Quỳnh1, Mai Đình Hương1, Phạm Thị Thu Hương1, Hoàng Kim Huệ1, Tống Thanh Hải11 Bệnh viện Bỏng quốc gia Lê Hữu Trác","Đã xuất bản:
                        2022-01-24",Số 2 (2020)
131,"Tổng quan vai trò EGF, VEGF trong liền vết thương và ứng dụng",Nguyễn Ngọc Tuấn11 Bệnh viện Bỏng quốc gia Lê Hữu Trác,"Đã xuất bản:
                        2022-01-24",Số 2 (2020)
123,Kinh nghiệm và đề xuất điều trị bệnh nhân bỏng của chuyên gia trung quốc trong thời gian có dịch viêm đường hô hấp cấp do vi rút covid-19,Lược dịch: Hoàng Văn Tú11 Bệnh viện Bỏng quốc gia Lê Hữu Trác,"Đã xuất bản:
                        2020-05-01",Số 2 (2020)
118,Tổng quan ảnh hưởng của hạn hạn tới sức khỏe,"Nguyễn Xuân Trường1, Công Ngọc Long2, Lưu Quốc Toản2, Hà Văn Như21 Bộ Y tế2 Trường Đại học Y tế Công cộng","Đã xuất bản:
                        2021-11-11",Số 1 (2020)
125,Biến đổi tiêu hao năng lượng lúc nghỉ và tác dụng của Propranolol trên bệnh nhân bỏng nặng,"Phan Quốc Khánh1, Nguyễn Như Lâm2, Nguyễn Hải An21 Bệnh viện Quân y 4/ Quân khu 42 Bệnh viện Bỏng Quốc gia Lê Hữu Trác","Đã xuất bản:
                        2021-11-11",Số 1 (2020)
80,Nghiên cứu khả năng dung nạp trên da lành và ảnh hưởng của Gel Nano cellulose khi dùng lâu dài trên động vật thực nghiệm.,"Nguyễn Ngọc Tuấn1, Lâm Thị Đan Chi1, Nguyễn Văn Thịnh11 Bệnh viện Bỏng Quốc gia Lê Hữu Trác","Đã xuất bản:
                        2021-11-11",Số 1 (2020)
73,Ứng dụng bộ đo huyết áp động mạch xâm nhập trong chẩn đoán và điều trị tăng áp lực khoang do bỏng sâu chu vi chi thể.,"Lê Quang Thảo1, Chu Anh Tuấn1, Lê Văn Diện1, Nguyễn Hải An1, Nguyễn Thái Ngọc Minh1, Lê Quốc Chiểu11 Bệnh viện Bỏng Quốc gia Lê Hữu Trác","Đã xuất bản:
                        2021-11-11",Số 1 (2020)
99,Lựa chọn phương pháp vô cảm cho phẫu thuật cắt hoại tử ghép da trên bệnh nhân cao tuổi mắc nhiều bệnh nặng kết hợp (Thông báo lâm sàng).,"Nguyễn Ngọc Thạch1, Nguyễn Hồng Thái11 Bệnh viện Bỏng Quốc gia Lê Hữu Trác","Đã xuất bản:
                        2021-11-11",Số 1 (2020)
129,Điều trị bỏng và di chứng bỏng dương vật bằng vạt da bìu.,"Ngô Đức Hiệp1, Nguyễn Trọng Luyện11 Bệnh viện Chợ Rẫy","Đã xuất bản:
                        2021-11-11",Số 1 (2020)
119,Sử dụng da đồng loại trong điều trị bỏng,Chu Anh Tuấn11 Bệnh viện Bỏng Quốc gia Lê Hữu Trác,"Đã xuất bản:
                        2021-11-11",Số 1 (2020)
116,Hướng dẫn thực hành của hội bỏng thế giới 2018: Phần 3.3. Nhiễm khuẩn tiết niệu Phần 3.4. Nhiễm khuẩn vết thương bỏng,Nguyễn Như Lâm11 Bệnh viện Bỏng Quốc gia Lê Hữu Trác,"Đã xuất bản:
                        2021-11-11",Số 1 (2020)
36,Chăm sóc vết thương ngoài cộng đồng,"Nguyễn Tiến Dũng1, Phạm Thị Hải Yến1, Đỗ Thị Thuý11 Bệnh viện Bỏng Quốc gia Lê Hữu Trác","Đã xuất bản:
                        2021-11-11",Số 1 (2020)
91,Kinh nghiệm của chuyên gia Trung Quốc về dự phòng và điều trị sẹo trên lâm sàng,Phan Thị Thục Trang11 Bệnh viện Bỏng Quốc gia Lê Hữu Trác,"Đã xuất bản:
                        2021-11-11",Số 1 (2020)
